id,empresa,cnpj,cidade,estado,distancia_km_aracatuba,categoria,subcategoria,produto_provavel,produto_secundario,justificativa_produto,potencial,multiproduto,multioportunidade,consumo_estimado,compra_recorrente,tipo_operacao,o_que_fabrica_constroi,obras_atuais,fornecedor_atual,comprador,cargo_comprador,telefone,whatsapp,email,site,endereco,fonte,data_pesquisa,ultimo_contato,status,proximo_contato,ultima_compra,situacao,proxima_acao,necessidade_identificada,motivo_prospect,abordagem,observacoes_comerciais
ARA-001,Medida Exata Comércio de Ferro e Aço,Não identificado,Araçatuba,SP,0,CD,CD2,"SI 50 / CA-50 (reto, bobina, spooler) — VALIDAR NO CATÁLOGO nomenclatura SI vs CA",CA-60 / AC-SI 60; Treliças; Telas/malhas; Arame recozido; Fio-máquina,"FATO: site lista vergalhão CA-50/CA-60, treliças, malha pop, arame recozido e serviço de corte+dobra+armação. Consome matéria-prima de construção para transformar em ferragem armada.",Alto,Sim,Sim,Alto,Sim,"Corte, dobra e armação + revenda atacado/varejo de aços construção","Ferragens armadas, sapatas/gaiolas, estribos sob medida",Não identificado (atende obras da região),Não identificado — Provável compra de usina ou distribuidor regional; validar,Não identificado — Provável Flávio (e-mail público flavio@medidaexata.net.br),Provável — compras/comercial; validar,(18) 3608-8900,(18) 98184-0127,flavio@medidaexata.net.br,https://medidaexata.net.br/,"Av. Jorge Mellem Rezek, 3104 — Rosele — Araçatuba/SP",medidaexata.net.br; Facebook Medida Exata Ferro e Aço,08/09/2026,,Sem retorno,,,Qualificado,Ligar para compras: oferta CA-50/60 + treliças + telas; mapear volume mensal e fornecedor atual,Matéria-prima contínua para corte/dobra/armação,Única CD local com linha completa publicada; volume recorrente; porta de entrada para várias obras da cidade,Posicionar como fornecedor de matéria-prima (não competir no varejo da obra). Abrir com CA-50 bobina/reto + arame. Perguntar bitolas e volume mensal.,⭐ MULTIPRODUTO + MULTIOPORTUNIDADE. Também revende aço construção (concorrência parcial no varejo). Foco: ser o fornecedor da CD. Contato Facebook: +55 18 3608-8900 / 98184-0127.
ARA-002,Serv Aço,Não identificado,Birigui,SP,20,CD,CD2,CA-50 / SI 50,CA-60; Treliças; Telas; Arame recozido,"FATO: anuncia linha completa de aços construção + corte, dobra e armação sob medida; atende construtoras e lojas.",Alto,Sim,Não,Alto,Sim,Corte/dobra/armação + atacado/varejo,"Ferragem armada, treliças, estribos, malhas",Não identificado,Não identificado,Não identificado,Não identificado,(18) 3021-2898 / (18) 3642-0439,(18) 99645-5802,Não identificado,Não identificado,"Rua Benedito de Souza Guimarães, 120 — Residencial Eurico Caetano — Birigui/SP — CEP 16206-463",listamais.com.br/Serv Aço Birigui,08/09/2026,,Sem retorno,,,Qualificado,Visita Birigui junto com Saita; cotação CA-50/60 + treliças,Suprimento recorrente de vergalhão e treliças,CD ativa a 20 km; compra recorrente; atende construtoras de Birigui,Mesma lógica Medida Exata: matéria-prima + prazo. Comparar frete Araçatuba vs fornecedor atual.,Agrupar rota Araçatuba–Birigui.
ARA-003,Vivafer Ferro e Aço,Não identificado,Araçatuba,SP,0,CD,CD1,CA-50 / SI 50,Treliças; Arame; Estribos,"FATO: site anuncia comércio de ferro para construções, vigas, sapatas, treliças, estribos e serviço de corte e dobra.",Médio,Sim,Sim,Médio,Provável — validar,Comércio + corte e dobra,Corte/dobra e fornecimento para obras,Não identificado,Não identificado,Não identificado,Não identificado,(18) 3441-1165 / (18) 3622-7001,Não identificado,Não identificado,https://vivafer.com.br/,Araçatuba/SP (endereço completo não identificado no site),vivafer.com.br,08/09/2026,,Sem retorno,,,Qualificado,Ligar; confirmar se processa vergalhão ou só revende; volume,Provável compra de vergalhão/treliças,CD/revenda local com telefone público e serviço de corte e dobra,Descobrir se compra direto de usina; oferecer CA-50 + treliças com frete local.,Pode ser concorrente no varejo — classificar após 1º contato.
ARA-004,"Birisoldas Aço, Corte e Dobra",65.078.468/0001-44,Birigui,SP,20,CD,CD1,CA-50 / SI 50 — Provável — validar se atua em vergalhão ou chapa,CA-60; Telas; Treliças — VALIDAR,FATO: CNAE/registro como serviço de corte e dobra de metais; CNAEs secundários incluem estruturas metálicas e atacado de materiais de construção. ATENÇÃO: confirmar se é armadura (CD) ou chapa (M11).,Médio,Não,Não,Médio,Desconhecido,Corte e dobra (tipo a confirmar),Serviço de corte e dobra de metais,Não identificado,Não identificado,Não identificado,Não identificado,Não identificado,Não identificado,Não identificado,Não identificado,"Rua João Cortelazzi, 2106 — Vila Isabel Marin — Birigui/SP — CEP 16204-030",mestregeo.com.br CNPJ 65.078.468/0001-44,08/09/2026,,Sem retorno,,,Qualificado,Visita/telefone: confirmar se corta vergalhão (manter CD) ou chapa (reclassificar M11),Validar tipo de aço processado,Empresa de corte e dobra em Birigui com capital social R$ 400 mil — potencial se for armadura,Pergunta aberta: 'vocês trabalham com vergalhão CA-50 ou com chapa?' Antes de ofertar.,Não classificar definitivamente como CD até validar. Datas de fundação em bases cadastrais inconsistentes — validar situação cadastral.
ARA-005,Lobisfer Ferro e Aço,Não identificado,Araçatuba,SP,0,R,R1,CA-50 / SI 50 (revenda),Treliças; Arame; Chapas — Provável — validar portfólio,FATO: listada como aço para construção civil no centro de Araçatuba.,Alto,Não,Não,Médio,Provável — validar,Distribuição/revenda de aço construção,Comércio de aço para construção,Não identificado,Não identificado,Não identificado,Não identificado,(18) 2102-5600,Não identificado,Não identificado,Não identificado,"Rua Aguapeí, 299 — Centro — Araçatuba/SP — CEP 16010-500",guiatelefone.com; zapia.digital,08/09/2026,,Sem retorno,,,Qualificado,Incluir na rota: mapear compra atacado e possível parceria/indicação,N/A — concorrente de canal,Revenda local do mesmo segmento — priorizar abordagem de atacado,Abordar como prospect de atacado para revenda.,Potencial Alto (ex-concorrente de canal). Validar abordagem atacado/parceria.
ARA-006,TARRAF Incorporadora (obras Araçatuba),67.041.095/0001-62 (matriz SJRP),Araçatuba,SP,0,C,C3,CA-50 / SI 50 — Provável via CD ou empreiteiro,Treliças; Telas; Arame recozido,"FATO: múltiplos empreendimentos em Araçatuba (DECK 330, Almaviva, Opus One, Monjardin; Brasília Square VGV ~R$ 230 mi previsto 2026). Consumo de aço de armadura é alto em estrutura — mas comprador pode ser CD/empreiteiro, não a incorporadora.",Alto,Não,Sim,Alto,Sim (pipeline de obras),Incorporação e construção de edifícios,Residencial e mixed-use (Brasília Square),"DECK 330; Brasília Square (Av. Brasília, 2090 — lançamento); outros entregues/em andamento",Não identificado — pergunta-chave: quem fornece o aço?,Não identificado — Provável engenharia de obras / suprimentos matriz SJRP,Provável — Gerente de suprimentos / engenheiro residente; validar,(17) 4004-6655 / (17) 3354-1500,Não identificado,contato@tarraf.com.br,https://tarraf.com.br/,"Escritório Araçatuba: Av. Brasília, 2090 — SP 16015-645 | Matriz: Av. Juscelino K. de Oliveira, 2000 — SJRP",tarraf.com.br; aracatubafacts; lr1.com.br; LinkedIn TARRAF,08/09/2026,,Sem retorno,,,Qualificado,Visitar canteiro DECK 330 / Brasília Square: identificar placa de CD/fornecedor de aço; depois abordar CD ou suprimentos,Armadura para estruturas de edifícios — comprador oculto a mapear,Maior pipeline imobiliário ativo em Araçatuba; volume de aço significativo nas obras,NÃO ofertar direto sem mapear comprador. Abordagem: engenharia da obra → 'quem está fornecendo o aço?' → atacar CD/empreiteiro.,⭐ MULTIOPORTUNIDADE (obra + CD oculta). Sede compras pode ser SJRP (~140 km).
ARA-007,Pacaembu Construtora (obras Araçatuba),96.298.013/0001-68,Araçatuba,SP,0,C,C1,CA-50 / SI 50 — Provável via CD ou compra centralizada,Treliças; Telas; Arame,"FATO: Residencial Campo Belo (771 casas, ~R$ 146 mi); Vida Nova Araçatuba Fase 3 em obras; >2.500 unidades na cidade. Casas MCMV consomem armadura de fundação/laje/cintas.",Alto,Não,Sim,Alto,Sim,Construtora/incorporadora habitacional,Residenciais de interesse social e casas,"Campo Belo (Umuarama/Pinheiros); Vida Nova Fase 3 (Rua Duque de Caxias, 330 — Centro — status Em Obras)",Não identificado,Não identificado — Provável suprimentos regional (SJRP/Bauru) ou engenheiro de obra,Provável — Suprimentos / engenharia; validar,0800 730 2020 / (11) 3236-4141,Não identificado,atendimento@pacaembu.com,https://pacaembu.com/,"Obra Vida Nova: Rua Duque de Caxias, 330 — Centro — Araçatuba/SP | Matriz Bauru/SP",pacaembu.com; Prefeitura Araçatuba; LinkedIn Pacaembu,08/09/2026,,Sem retorno,,,Qualificado,Visitar Vida Nova Fase 3 e Campo Belo: identificar fornecedor de aço/CD; contactar engenheiro residente,Armadura em escala para casas em série,Maior volume habitacional ativo na cidade; consumo recorrente por fase,Mapear comprador real (central vs obra). Oferecer kit obra: CA-50 + treliças + telas com logística de canteiro.,⭐ MULTIOPORTUNIDADE. Compras podem ser centralizadas fora de Araçatuba.
ARA-008,Ferreira Engenharia,Não identificado,Penápolis,SP,50,C,C1,CA-50 / SI 50 — Provável — validar se compra direto,Treliças; Telas; Telha/coberturas em obras comerciais — Provável,"FATO: construtora/incorporadora com obras em Araçatuba (Ferreira Hub, Central Park Tower/Aya) e Penápolis (Ferreira Liv); >100 obras no histórico.",Alto,Provável — validar,Sim,Alto,Sim,"Incorporação, construção e desenvolvimento urbano","Residencial, comercial, shopping, hub multiuso",Ferreira Hub e empreendimentos em Araçatuba; Ferreira Liv em Penápolis,Não identificado,Não identificado,Provável — suprimentos; validar,(18) 3654-2030,Não identificado,contato@ferreiraengenharia.com.br,https://ferreiraengenharia.com.br/,"Rua Vitor Antonio Janjácomo, 673 — Penápolis/SP — CEP 16306-522",ferreiraengenharia.com.br,08/09/2026,,Sem retorno,,,Qualificado,E-mail/telefone comercial + visita canteiro Hub Araçatuba,Aço de armadura e possivelmente coberturas/estruturas,Construtora regional com obras ativas em Araçatuba e sede a 50 km,Agendar com engenharia de obras; perguntar política de compra de aço (CD vs direto).,Sede Penápolis — combinar rota com outras visitas.
ARA-009,QCON Construtora e Incorporadora,Não identificado,Araçatuba,SP,0,C,C3,CA-50 / SI 50 — Provável — validar,Treliças; Telas,FATO: construtora/incorporadora local com projetos residenciais e comerciais em Araçatuba.,Médio,Não,Não,Médio,Provável — validar,Construção e incorporação,"Projetos residenciais, comerciais e de investimento",Não identificado no site — validar obras ativas,Não identificado,Não identificado,Não identificado,(14) 99832-0640,(14) 99832-0640,comercial@construtoraqcon.com.br,https://construtoraqcon.com.br/,"Av. Brasília, 2121 — Araçatuba/SP",construtoraqcon.com.br,08/09/2026,,Sem retorno,,,Qualificado,WhatsApp comercial: perguntar obras em andamento e quem compra aço,Armadura conforme pipeline de obras,Incorporadora local acessível; potencial médio se houver obra ativa,Contato direto WhatsApp; qualificar obra e estágio estrutural.,DDD 14 no telefone — confirmar se comercial atende Araçatuba.
ARA-010,Yama Engenharia,Não identificado,Araçatuba,SP,0,C,C4,CA-50 / SI 50 — Provável — validar,Treliças; Arame,FATO: gestão/construção de residências de alto padrão em Araçatuba.,Médio,Não,Não,Baixo,Desconhecido,Engenharia / gestão de obras residenciais,Residências de alto padrão,Não identificado (portfólio genérico no site),Não identificado,Não identificado,Não identificado,(18) 3625-1300,Não identificado,administrativo@yamaengenharia.com.br,https://yamaengenharia.com.br/,"R. Carlos Gomes, 239 — 5º andar, Sala 501 — Centro — Araçatuba/SP — CEP 16010-310",yamaengenharia.com.br,08/09/2026,,Sem retorno,,,Qualificado,Ligar: confirmar se compra aço ou só gerencia; obras ativas,Possível indicação de CD/fornecedor da obra,Obras residenciais alto padrão consomem aço; pode ser porta de indicação,Qualificar se compra ou indica. Volume unitário menor que Pacaembu/TARRAF.,Pode ser tratado como parceiro/indicação se não comprar direto.
ARA-011,Obra — Residencial Campo Belo (Pacaembu),N/A — obra,Araçatuba,SP,0,C,C4,CA-50; Treliças; Telas,Arame recozido,"FATO: 771 casas MCMV, investimento ~R$ 146 mi; fundações e lajes consomem armadura em série.",Alto,Não,Sim,Alto,Sim (durante obra),Canteiro habitacional,771 casas,Campo Belo — entre Umuarama e Pinheiros,Não identificado — investigar no canteiro,Não identificado — engenheiro/mestre ou CD fornecedora,Não identificado,Não identificado (via Pacaembu),Não identificado,Não identificado,https://www.aracatuba.sp.gov.br/noticias/araatuba-recebe-novo-residencial-com-771-casas-e-investimento-de-rs-146-milhes,Área entre bairros Umuarama e Pinheiros — Araçatuba/SP,Prefeitura Municipal de Araçatuba,08/09/2026,,Sem retorno,,,Qualificado,Visita presencial ao canteiro: fotografar placas de fornecedores; falar com mestre de obras,Quem está fornecendo o aço dessa obra?,Obra de alto volume — cliente oculto (CD) pode ser mais valioso que a construtora,"Investigação de canteiro, não pitch de catálogo.",Registro de obra para inteligência comercial; vincular a Pacaembu + CD descoberta.
ARA-012,Obra — Brasília Square by Tarraf,N/A — obra,Araçatuba,SP,0,C,C11,CA-50; Treliças; Telas,Possível telha/fechamentos em fases posteriores — Provável — validar,FATO: mixed-use VGV ~R$ 230 mi; studios + salas comerciais; estrutura de edifício exige armadura significativa.,Alto,Provável — validar,Sim,Alto,Sim (durante obra),Canteiro mixed-use,"Studios, salas comerciais, uso misto","Brasília Square — Av. Brasília, 2090 — Jardim Nova Yorque (lançamento/previsão 2026)",Não identificado,Não identificado,Não identificado,Via TARRAF (17) 4004-6655,Não identificado,contato@tarraf.com.br,https://tarraf.com.br/,"Avenida Brasília, 2090 — Jardim Nova Yorque — Araçatuba/SP",lr1.com.br; aracatubafacts.com.br,08/09/2026,,Sem retorno,,,Qualificado,Monitorar início de estrutura; visitar canteiro quando houver armação,Fornecedor de aço da obra (a descobrir),Maior lançamento TARRAF na cidade; timing de compra de aço a acompanhar,Acompanhar estágio; atacar na fase de fundação/estrutura.,Pode ainda estar em fase pré-obra; validar status real no local.
ARA-013,Obra — Vida Nova Araçatuba Fase 3 (Pacaembu),N/A — obra,Araçatuba,SP,0,C,C4,CA-50; Treliças,Telas; Arame,FATO: status 'Em Obras' no site Pacaembu; casas de interesse social.,Alto,Não,Sim,Alto,Sim,Canteiro habitacional,Casas interesse social — Fase 3,Em Obras — Vida Nova Araçatuba 3,Não identificado,Não identificado,Não identificado,Via Pacaembu 0800 730 2020,Não identificado,atendimento@pacaembu.com,https://pacaembu.com/imoveis-residenciais/vida-nova-aracatuba-fase-3,"Rua Duque de Caxias, nº 330 — Centro — Araçatuba/SP",pacaembu.com,08/09/2026,,Sem retorno,,,Qualificado,Visita canteiro esta semana — mapear fornecedor de aço,Armadura em andamento,"Obra já em execução = consumo atual, não futuro",Canteiro primeiro; depois CD/suprimentos.,Melhor timing entre as obras Pacaembu (já em obras).
ARA-014,ZBN Indústria Mecânica,64.822.810/0001-06 (e filiais),Araçatuba,SP,0,M,M1,Chapa quente; Bobina laminada a quente,Chapa inox / Bobina inox 304; Barras; Perfis,FATO: caldeiraria pesada + fundição + oxicorte CNC em chapas de grande porte; trabalha aço carbono e inox; parque 20.000 m²; pontes >50 t. Fluxo: chapa/bobina → oxicorte/caldeiraria → equipamentos industriais.,Alto,Sim,Sim,Alto,Sim,"Fundição, usinagem, caldeiraria, montagem industrial","Peças e equipamentos para sucroalcooleiro, mineração, alimentício, químico, energia",N/A — produção contínua sob encomenda,Não identificado,Não identificado,Provável — compras industriais / PCP; validar,Não identificado no site (formulário),Não identificado,Não identificado no site,https://pcp.zbn.com.br/,"Rua Prof. Rubens Rego Fontão, 372/392 — Parque Industrial — CEP 16075-245 — Araçatuba/SP",pcp.zbn.com.br; mapaindustrial.com.br,08/09/2026,,Sem retorno,,,Qualificado,Visita presencial à fábrica; falar com compras: espessuras de chapa carbono e inox,Chapas carbono grossas + inox para caldeiraria,Maior transformador metal-mecânico local identificado; multiproduto; consumo recorrente,Abrir com chapa quente/oxicorte (necessidade óbvia). Segundo passo: inox 304. Levar tabela de espessuras.,"⭐ MULTIPRODUTO + MULTIOPORTUNIDADE (M + I). Capital social ~R$ 6,7 mi nas bases. Alvo âncora do funil M."
ARA-015,Passador & Cia Ltda.,Não identificado,Andradina,SP,100,M,M1,Chapa quente; Bobina laminada a quente,Chapa inox 304/316; Tubo industrial; Galvanizado (quando aplicável),FATO: caldeiraria pesada 50+ anos; plasma/oxicorte/laser; dobra; solda carbono/inox/alumínio; tanques; tubulações; galvanização a fogo própria; atende usinas. Fluxo: chapa → corte/dobra/caldeiraria → tanques/estruturas/tubulações.,Alto,Sim,Sim,Alto,Sim,Caldeiraria pesada industrial,"Tanques, dutos, estruturas, tubulações, steel deck, insertos, guarda-corpo",Atende usinas (incl. região Andradina/Raízen),Não identificado,Não identificado,Provável — compras; validar,(18) 3722-3636,Não identificado,Não identificado,https://passador.ind.br/,"Av. Guanabara, 2419 — Stella Maris — Andradina/SP — CEP 16901-100",passador.ind.br,08/09/2026,,Sem retorno,,,Qualificado,Ligar + visita Andradina combinada com JBS/Raízen Gasa,Chapas carbono e inox para caldeiraria e usinas,Grande transformador com multiproduto e vínculo com sucroalcooleiro,Foco chapa quente espessas + inox. Mencionar capacidade de fornecimento para projetos de usina.,⭐ MULTIPRODUTO. Distância ~100 km — justificar com volume.
ARA-016,Megatec Implementos Agrícolas,Não identificado,Araçatuba,SP,0,M,M14,Chapa quente; Chapa fria,Tubo industrial; Metalon; Perfis U; Barra chata; Bobina,"FATO: fabrica implementos agrícolas (transbordos, carrocerias canavieiras) com verticalização interna da estrutura. Fluxo: chapa/tubo/perfil → soldagem/estrutura → implemento.",Alto,Sim,Não,Alto,Sim,Fabricação de implementos agrícolas,"Transbordos, implementos sucroalcooleiros e para grãos",N/A — linha de produção,Não identificado,Não identificado,Provável — compras; validar,(18) 2103-2021,Não identificado,contato@megatecindustria.com.br / atendimento@megatecindustria.com.br,https://www.megatecindustria.com.br/,"Rodovia Marechal Rondon, KM 527 — Araçatuba/SP — CEP 16018-805",megatecindustria.com.br; LinkedIn megatec.industria,08/09/2026,,Sem retorno,,,Qualificado,E-mail + visita: mapear espessuras de chapa e bitolas de tubo/metalon,Aço estrutural contínuo para implementos,Transformador verticalizado; vários grupos do catálogo; recorrência industrial,Abrir com chapa + metalon/tubo (kit implemento). Oferecer programação de fornecimento.,⭐ MULTIPRODUTO. Vizinha da Nestlé na Rondon — rota industrial.
ARA-017,Estruturas Metálicas Saita,48.431.803/0001-27,Birigui,SP,20,M,M2,Perfis U; Metalon; Tubo industrial,Chapa quente; Telha trapezoidal/ondulada; Cantoneiras; Barra chata,FATO: fabricação própria de estruturas metálicas desde 1979; galpões industriais e agrícolas; montagem completa. Fluxo: perfil/tubo/chapa → estrutura → galpão.,Alto,Sim,Não,Alto,Sim,Fabricação e montagem de estruturas metálicas,"Galpões industriais, comerciais, armazéns agrícolas",Não identificado (produção sob demanda),Não identificado,Não identificado,Não identificado,(18) 3642-3611,(18) 99639-7794,Não identificado,https://estruturametalicasaita.com.br/,"Rua Dr. Luiz de T. P. Sobrinho, 382 — Resid. Alvorada — Birigui/SP — CEP 16204-296",estruturametalicasaita.com.br,08/09/2026,,Sem retorno,,,Qualificado,WhatsApp: oferta perfis + metalon + telhas; visita com Serv Aço no mesmo dia,Perfis estruturais e coberturas para galpões,Fabricante de estruturas com 45+ anos; consumo de múltiplas linhas,Kit galpão: perfis U + metalon + telha trapezoidal/cumeeiras.,⭐ MULTIPRODUTO. Excelente aderência a coberturas do catálogo.
ARA-018,André Ferro e Aço,Não identificado,Araçatuba,SP,0,R,R5,Bobina / Chapa (para revenda e corte),Tubos; Metalon; Perfis U; Barras; Cantoneiras,"FATO: distribui ferro e aço desde 2015; corte a laser, oxicorte, corte e dobra de chapas; vende chapas 1,20–100 mm, tubos, laminados, perfis. NÃO listou vergalhão CA — classificar como centro de serviço/distribuição, não CD de armadura.",Alto,Sim,Não,Alto,Sim,Distribuição + centro de serviço (corte laser/oxicorte/dobra de chapa),"Corta/dobra chapas; revende tubos, perfis, laminados",N/A,Não identificado,Não identificado,Não identificado,(18) 3623-1770,(18) 3623-1770,vendas@andreferroeaco.com.br,https://andreferroeaco.com.br/,"Rua Dr. Francisco Vilela, 825 — Umuarama — Araçatuba/SP — CEP 16013-240",andreferroeaco.com.br,08/09/2026,,Sem retorno,,,Qualificado,Avaliar se há linha em que possam comprar (atacado) sem conflito; senão manter fora da rota,Compra de bobina/chapa para revenda — possível cliente atacado,"Portfólio sobreposto (chapas, tubos, perfis, barras) + serviço de corte",Abordar com foco em venda atacado para centro de serviço.,Pode gerar indicação de clientes finais. Não confundir corte de chapa com CD de vergalhão.
ARA-019,Serralheria 5 Estrelas,Não identificado,Araçatuba,SP,0,M,M6,Perfis / Barras / Kits para portas de enrolar — VALIDAR NO CATÁLOGO itens exatos,"Metalon; Tubo 5""; Chapa; Barra chata","FATO: desde 1994 fabrica portas de enrolar automáticas/manuais, portões basculantes e estruturas. Fluxo: perfil/barra/chapa → porta/portão.",Alto,Sim,Não,Médio,Sim,Serralheria industrial/comercial — portas e portões,"Portas de enrolar, portões, escadas, grades, estruturas",Não identificado,Não identificado,Não identificado,Não identificado,(18) 99746-6694,(18) 99746-6694,Não identificado (site tem formulário),https://www.serralheria5estrelas.com.br/,"Av. Odorindo Perenha, 892 — Umuarama — Araçatuba/SP — CEP 16013-230",serralheria5estrelas.com.br,08/09/2026,,Sem retorno,,,Qualificado,"WhatsApp: ofertar linha portas de enrolar (perfis, barras, kits, tubo 5"")",Matéria-prima para portas de enrolar e portões,Aderência direta à linha Portas de Enrolar do catálogo,Abrir com kit porta de enrolar. Segundo produto: metalon para portões.,⭐ MULTIPRODUTO na linha de portas/portões. Vizinha da Estruturas Metálicas Araçatuba.
ARA-020,Fenasi Indústria e Comércio de Artefatos de Aço,51.093.318/0001-03,Araçatuba,SP,0,M,M2,Metalon; Perfis U; Tubo industrial,Chapa; Telha; Cantoneiras,"FATO: desde 1977/1979 fabrica estruturas metálicas, mezaninos, portões; CNAE serralheria e montagem de estruturas.",Médio,Sim,Não,Médio,Provável — validar,Estruturas metálicas e serralheria,"Estruturas, mezaninos, portões, coberturas",Não identificado,Não identificado,Não identificado,Não identificado,(18) 3623-4692,Não identificado,emodelo@ig.com.br,Não identificado,"Rua América do Sul, 1077 — Jardim Brasília — Araçatuba/SP — CEP 16025-600",listamais.com.br; diariocidade.com; guiadocnpj,08/09/2026,,Sem retorno,,,Qualificado,Ligar: volume mensal de metalon/perfis,Aço para estruturas e serralheria,Transformador estabelecido há décadas; consumo de perfis/tubos,Oferta metalon + perfis U + chapa.,E-mail parece antigo — preferir telefone.
ARA-021,Estruturas Metálicas Araçatuba,12.671.264/0001-56,Araçatuba,SP,0,M,M2,Metalon; Perfis U; Tubo,Chapa; Cantoneiras,FATO: CNAE fabricação de estruturas metálicas; EPP ativa.,Médio,Não,Não,Médio,Provável — validar,Fabricação de estruturas metálicas,Estruturas metálicas,Não identificado,Não identificado,Não identificado (sócios públicos: Rogerio Augusto Massarente; Gabriely Guimaraes Pedroso),Provável — sócio/compras; validar,Não identificado,Não identificado,Não identificado,Não identificado,"Av. Odorindo Perenha, 880 — Umuarama — Araçatuba/SP — CEP 16013-230",mestregeo.com.br,08/09/2026,,Sem retorno,,,Qualificado,Buscar telefone no Maps e visitar (mesma rua da 5 Estrelas),Provável metalon/perfis,Fabricante local de estruturas; endereço no polo Umuarama,Visita a frio no cluster Umuarama (Odorindo Perenha).,Porte pequeno/EPP — potencial Médio.
ARA-022,Pratesfer Estruturas Metálicas e Serralheria,Não identificado,Araçatuba,SP,0,M,M5,Metalon; Tubo; Chapa,Perfis; Barras,FATO: listada como estruturas metálicas e serralheria em Araçatuba.,Baixo,Não,Não,Baixo,Desconhecido,Serralheria / estruturas,Estruturas e serviços de serralheria,Não identificado,Não identificado,Não identificado,Não identificado,(18) 3301-6191,Não identificado,Não identificado,Não identificado,"Rua Joaquim Murtinho, 55 — São Joaquim / Vila Estádio — Araçatuba/SP",serralherias.net,08/09/2026,,Sem retorno,,,Qualificado,Ligar apenas após esgotar leads A,Provável metalon/chapa em baixo volume,Serralheria local — volume provavelmente baixo,Qualificar volume antes de visitar.,Prioridade C.
ARA-023,Noroagro Truck Center,Não identificado,Araçatuba,SP,0,M,M14,Chapa; Tubo; Metalon — Provável — validar,Barra chata; Perfis,FATO: manutenção/reforma/adaptação de implementos agrícolas e industriais; alongamento de chassi; reformas de baú/canavieira/transbordo. Consome aço em reformas (menor que fabricante OEM).,Médio,Sim,Não,Médio,Provável — validar,Reforma e adaptação de implementos,Reformas de implementos agrícolas/rodoviários,N/A,Não identificado,Não identificado,Não identificado,(18) 3623-9049,Não identificado,Não identificado,https://noroagro.com.br/,"Araçatuba/SP (matriz); filiais Andradina, Lins, Barra do Garças",noroagro.com.br,08/09/2026,,Sem retorno,,,Qualificado,Ligar: mapear compra de chapa/tubo para reformas,Aço para reformas de implementos,Consumo recorrente em reformas; rede regional,Oferta chapa + tubo com entrega rápida (urgencia de oficina).,Volume tende a ser menor que Megatec (OEM).
ARA-024,Ata Inox / Atainox,Não identificado,Araçatuba,SP,0,I,I4,Chapa inox 304; Bobina inox,Inox 430; Acabamentos 2B/N4; Tiras; Blanks; Filmes,"FATO: fabrica equipamentos e peças em aço inox para frigoríficos, restaurantes, supermercados. Fluxo: chapa/bobina inox → equipamento. Liga típica alimentícia: 304 (Provável — validar).",Alto,Sim,Não,Médio,Sim,Fabricação de equipamentos em inox,Equipamentos e peças de aço inox,N/A,Não identificado,Não identificado,Não identificado,(18) 3625-8730 / (18) 99736-1893,(18) 99736-1893,atainox@atainox.com / ccontato@atainox.com,https://atainox.com/,"Rua América do Sul, 1022 — Jardim Brasília — Araçatuba/SP — CEP 16025-600",atainox.com; listagens locais,08/09/2026,,Sem retorno,,,Qualificado,"WhatsApp: perguntar ligas (304/430), espessuras e formato (chapa/bobina/blank)",Inox para fabricação de equipamentos,Comprador direto de inox com transformação; aderência total ao catálogo inox,Abrir com 304 2B + filme. Segundo: 430 e N4 escovado. Levar amostras de acabamento se possível.,⭐ MULTIPRODUTO (linhas inox). Alvo âncora do funil I.
ARA-025,AISI Indústria e Comércio de Equipamentos em Aço Inox,32.914.253/0001-67,Araçatuba,SP,0,I,I4,Chapa inox 304,Inox 430; Tiras; Blanks,FATO: razão social e CNAEs de usinagem/solda e esquadrias; foco equipamentos em aço inox.,Médio,Sim,Não,Médio,Provável — validar,"Usinagem, solda e equipamentos inox",Equipamentos e serviços em aço inox,N/A,Não identificado,Não identificado,Não identificado,Não identificado,Não identificado,Não identificado,Não identificado,Vila Industrial — Araçatuba/SP — CEP 16072-100,databrasil.net CNPJ 32.914.253/0001-67,08/09/2026,,Sem retorno,,,Qualificado,Localizar telefone Maps; visitar cluster Vila Industrial com Inox e Cia,Inox para fabricação/solda,Fabricante local de equipamentos inox,Qualificar ligas e consumo mensal.,Fundada 2019 — porte a validar.
ARA-026,Inox e Cia Equipamentos e Serviços,Não identificado,Araçatuba,SP,0,I,I4,Chapa inox 304 — Provável — validar,430; Filmes; Acabamentos,FATO: listada como aço inoxidável / equipamentos e serviços; avaliações de peças e acabamento.,Médio,Não,Não,Baixo,Provável — validar,Equipamentos e serviços em inox,Peças/equipamentos em inox,N/A,Não identificado,Provável — Maurício (citado em avaliação pública),Não identificado,(18) 3625-9720,(18) 99623-0210,Não identificado,Não identificado,"Rua Manoel Antônio Monteiro, 48 — Vila Industrial — Araçatuba/SP — CEP 16072-100",listamais.com.br,08/09/2026,,Sem retorno,,,Qualificado,WhatsApp: oferta 304 2B,Inox para serviços/equipamentos,Consumidor local de inox com contato WhatsApp,Amostra/preço 304; perguntar espessuras mais usadas.,Volume provavelmente menor que Ata Inox.
ARA-027,Brazzatti Inox,Não identificado,Araçatuba,SP,0,I,I4,Chapa inox 304 — Provável — validar,430; N4,FATO: listada como aço inoxidável; avaliações mencionam peças produzidas.,Médio,Não,Não,Baixo,Provável — validar,Produção de peças em inox,Peças em inox,N/A,Não identificado,Não identificado,Não identificado,(18) 99787-3677,(18) 99787-3677,Não identificado,Não identificado,"Rua Canjiro Takebe, 383 — Palmeiras — Araçatuba/SP — CEP 16071-205",listamais.com.br,08/09/2026,,Sem retorno,,,Qualificado,WhatsApp curto: ligas e espessuras,Inox para peças,Fabricante local de peças inox,Qualificar consumo antes de visita.,Lead B/C conforme volume.
ARA-028,Metalúrgica Plasminox,Não identificado,Araçatuba,SP,0,I,I5,Chapa inox 304,Bobina; Tiras,FATO: metalúrgica listada em aço inoxidável — nome indica especialização inox.,Médio,Sim,Não,Médio,Provável — validar,Metalúrgica inox,Produtos/serviços em inox (detalhe a validar),N/A,Não identificado,Não identificado,Não identificado,(18) 3608-3008,(18) 99726-4764,Não identificado,Não identificado,"Rua Clibas de Almeida Prado, 1710 — Presidente — Araçatuba/SP — CEP 16072-605",listamais.com.br,08/09/2026,,Sem retorno,,,Qualificado,Ligar: confirmar processos e consumo,Inox para metalurgia,Metalúrgica especializada em inox,Mapear ligas e formatos.,
ARA-029,Aquinox Indústria e Comércio,Não identificado,Araçatuba,SP,0,I,I4,Chapa inox — Provável — validar,304; 430,FATO: listada no Parque Industrial como aço inoxidável.,Médio,Não,Não,Baixo,Desconhecido,Indústria/comércio inox,Não detalhado publicamente,N/A,Não identificado,Não identificado,Não identificado,(18) 98153-4682,(18) 98153-4682,Não identificado,Não identificado,"Rua Brigadeiro Faria Lima, 7671 — Parque Industrial Maria Isabel — Araçatuba/SP — CEP 16080-751",listamais.com.br,08/09/2026,,Sem retorno,,,Qualificado,WhatsApp: qualificar se fabrica ou só comercializa,Validar se compra inox para transformar ou revende,Nome/listagem inox no parque industrial — precisa qualificação,Descobrir se é fabricante (I) ou revenda (R2/concorrente).,"Se for só revenda de inox, qualificar como prospect de canal/atacado."
ARA-030,Nestlé Brasil — Unidade Araçatuba,60.409.075/0029-53,Araçatuba,SP,0,I,I3,Chapa inox 304 — Provável para manutenção/ampliação — validar,Tubulações industriais via caldeiraria contratada; 316 se processo exigir — VALIDAR,FATO: fábrica de laticínios (CNAE 1052-0/00) na Rondon Km 531. Processos lácteos exigem superfícies sanitárias em inox. Compra pode ser: (a) MRO via compras corporativas; (b) via caldeirarias contratadas (ZBN etc.).,Alto,Não,Sim,Alto,Provável — validar (paradas/manutenção),Indústria de laticínios,Produtos lácteos,Não identificado,Não identificado — Provável via contratadas de manutenção,Não identificado — Provável compras industriais / facilities,Provável — Suprimentos MRO; validar,(18) 3631-6111 / (11) 5508-4400,Não identificado,Não identificado (unidade),Não identificado (corporativo nestle.com.br),"Rodovia Marechal Rondon, KM 531 — Iporã — Araçatuba/SP — CEP 16021-900",Receita/CNPJ bases; Cliquei Achei; ruacep,08/09/2026,,Sem retorno,,,Qualificado,Mapear via ZBN/caldeirarias quem atende a Nestlé; LinkedIn compras da unidade,Inox sanitário — canal de compra a descobrir,Grande indústria alimentícia local com justificativa clara de inox,Difícil acesso direto. Estratégia: (1) fornecedor de caldeiraria que atende a planta; (2) cadastro de fornecedores MRO.,⭐ MULTIOPORTUNIDADE (I + caldeirarias). Não presumir compra direta de bobina.
ARA-031,JBS — Unidade Andradina,Não identificado (unidade),Andradina,SP,100,I,I2,Chapa inox 304 — Provável via manutenção/projetos — validar,Equipamentos via fabricantes inox; tubulações,FATO: frigorífico exportador habilitado (ex.: Indonésia); ambiente de proteína animal exige inox sanitário. Compra tipicamente corporativa ou via contratadas.,Alto,Não,Sim,Alto,Provável — validar,Frigorífico / abate bovino,Processamento de carne bovina,Não identificado,Não identificado,Não identificado — Provável compras JBS corporativo ou manutenção local,Provável — Manutenção / Suprimentos; validar,Não identificado,Não identificado,Não identificado,https://www.jbs.com.br/,Andradina/SP (unidade frigorífica),andravirtual.com.br; IEA-SP histórico regional,08/09/2026,,Sem retorno,,,Qualificado,Rota Andradina: Passador + JBS — mapear contratadas de caldeiraria inox,Inox para planta frigorífica,Grande consumidor potencial de inox sanitário na região,Indireta via Passador/Ata Inox que atendem frigoríficos; ou portal de fornecedores JBS.,Acesso difícil; alto potencial se entrar na cadeia de manutenção.
ARA-032,Raízen — Filial GASA (Andradina),Não identificado (filial),Andradina,SP,100,I,I12,Chapa quente / estruturas — Provável via contratadas — validar,Inox para processos; Tubos; Perfis,"FATO: usina sucroalcooleira Raízen Gasa em Andradina; projetos E2G/ampliações históricos. Manutenção e projetos consomem aço carbono e inox, geralmente via caldeirarias (ex.: Passador).",Alto,Sim,Sim,Alto,Sim (safra/manutenção),Usina de açúcar e etanol,"Açúcar, etanol (incl. projetos E2G)",Histórico de investimentos E2G — validar status atual,Não identificado — Provável caldeirarias locais,Não identificado,Provável — Suprimentos usina / projetos; validar,Não identificado,Não identificado,Não identificado,https://www.raizen.com.br/,Andradina/SP — Usina Gasa,SMA/SP lista usinas; Gazeta da Região (E2G),08/09/2026,,Sem retorno,,,Qualificado,Entrar via Passador/ZBN (fornecedores da usina) ou cadastro Raízen,Aço para manutenção e projetos industriais,Âncora sucroalcooleira regional; puxa demanda de caldeirarias,Estratégia indireta: virar fornecedor das caldeirarias que atendem a usina.,⭐ MULTIOPORTUNIDADE. Cliente oculto = caldeiraria.
ARA-033,Raízen — Filial Destivale (Araçatuba),Não identificado (filial),Araçatuba,SP,0,I,I12,Chapa / estruturas via contratadas — Provável — validar,Inox; Tubos,FATO: listada em cadastros públicos de usinas CFA como Raízen Filial Destivale Araçatuba.,Alto,Sim,Sim,Alto,Provável — validar,Usina sucroalcooleira,Açúcar/etanol,Não identificado,Não identificado,Não identificado,Não identificado,Não identificado,Não identificado,Não identificado,https://www.raizen.com.br/,Araçatuba/SP — Filial Destivale,Lista usinas CFA jun/2022 (SMA/SP),08/09/2026,,Sem retorno,,,Qualificado,Confirmar endereço/operação atual; mapear contratadas via ZBN,Manutenção industrial,Usina local — demanda puxada por caldeirarias,Indireta via ZBN/Megatec/Passador.,Validar se unidade segue ativa sob mesmo nome.
ARA-034,Figueira Indústria e Comércio — Unidade Alcoazul,Não identificado,Araçatuba,SP,0,I,I12,Chapa / estruturas via contratadas — Provável — validar,Inox,FATO: listada em cadastro público de usinas como Figueira — Unidade Alcoazul Araçatuba.,Médio,Não,Não,Médio,Desconhecido,Usina/álcool,Álcool/açúcar — validar operação atual,Não identificado,Não identificado,Não identificado,Não identificado,Não identificado,Não identificado,Não identificado,Não identificado,Araçatuba/SP,Lista usinas CFA jun/2022 (SMA/SP),08/09/2026,,Sem retorno,,,Qualificado,Validar se unidade está ativa em 2026,Validar,Usina histórica na lista pública — confirmar operação,Só após confirmar atividade.,Lead não plenamente qualificado até validar operação.
ARA-035,Frigorífico Better Beef,05.826.986/0017-34 (filial listada),Araçatuba,SP,0,I,I2,Chapa inox 304 — Provável — validar,Equipamentos via fabricantes inox,FATO: frigorífico listado em bases industriais de Araçatuba — ambiente de proteína exige inox.,Médio,Não,Não,Médio,Provável — validar,Frigorífico,Processamento de carne,Não identificado,Não identificado,Não identificado,Não identificado,Não identificado,Não identificado,Não identificado,Não identificado,Araçatuba/SP (Parque Industrial — validar endereço),mapaindustrial.com.br,08/09/2026,,Sem retorno,,,Qualificado,Confirmar se unidade opera; telefone; canal de manutenção,Inox sanitário se planta ativa,Frigorífico local — justificativa de inox se ativo,Validar operação antes de ofertar.,Histórico regional de frigoríficos com aberturas/fechamentos — validar.
ARA-036,Rodriaco Indústria e Comércio de Ferro e Aço,Não identificado,Araçatuba,SP,0,R,R1,Linha construção/chapas — Provável portfólio concorrente,Não identificado,FATO: listada como indústria e comércio de ferro e aço.,Alto,Não,Não,Médio,Desconhecido,Comércio/indústria de ferro e aço,Distribuição de aço,N/A,Não identificado,Não identificado,Não identificado,Não identificado,Não identificado,Não identificado,Não identificado,"Rua Brigadeiro Faria Lima, 7787 — Araçatuba/SP",infoisinfo-br,08/09/2026,,Sem retorno,,,Qualificado,Mapear portfólio; não priorizar vendas,N/A,Distribuidor local — conflito de canal,Abordar como prospect (atacado/share of wallet).,Mesmo eixo da Aquinox na Faria Lima.
ARA-037,IMF — Indústria Metalúrgica Fabrão,72.845.076/0001-29,Araçatuba,SP,0,M,M15,Chapa; Bobina — Provável — validar processo,Tubo; Barras; Metalon — Provável — validar,FATO: metalúrgica listada entre as maiores indústrias locais (capital social ~R$ 11 mi). Transformação metalúrgica implica compra de aço — tipo exato a validar.,Alto,Provável — validar,Não,Alto,Provável — validar,Indústria metalúrgica,Produtos metalúrgicos (detalhe a mapear),N/A,Não identificado,Não identificado,Não identificado,Não identificado,Não identificado,Não identificado,Não identificado,Araçatuba/SP,mapaindustrial.com.br,08/09/2026,,Sem retorno,,,Qualificado,Descobrir endereço/telefone e produto final (matéria-prima → produto),Validar linha de aço consumida,Metalúrgica de porte relevante na cidade,Primeiro entender o que fabricam; depois ofertar linha aderente.,Prioridade alta se confirmar transformação de bobina/chapa.
ARA-038,Ata Rodrifer Estruturas Metálicas,Não identificado,Araçatuba,SP,0,M,M2,Metalon; Perfis U; Tubo,Chapa; Telha,FATO: listada em bases locais entre fabricantes de estruturas metálicas de Araçatuba.,Médio,Sim,Não,Médio,Provável — validar,Estruturas metálicas,Estruturas metálicas,Não identificado,Não identificado,Não identificado,Não identificado,Não identificado,Não identificado,Não identificado,Não identificado,Araçatuba/SP,mestregeo listagens estruturas metálicas Araçatuba,08/09/2026,,Sem retorno,,,Qualificado,Localizar no Google Maps e qualificar,Perfis/tubos para estruturas,Fabricante de estruturas — compra aço para transformar,Kit estrutura: metalon + perfil U + telha.,Lead B até confirmar porte.
ARA-039,Art Ferro Metalúrgica,Não identificado,Araçatuba,SP,0,M,M15,Chapa; Metalon — Provável — validar,Barras; Tubo,FATO: listada entre metalúrgicas/estruturas de Araçatuba.,Baixo,Não,Não,Baixo,Desconhecido,Metalúrgica,Artefatos/estruturas — validar,Não identificado,Não identificado,Não identificado,Não identificado,Não identificado,Não identificado,Não identificado,Não identificado,Araçatuba/SP,mestregeo listagens,08/09/2026,,Sem retorno,,,Qualificado,Busca Maps + telefone,Validar,Nome sugere transformação de ferro/aço,Qualificar antes de ofertar.,Lead não qualificado até responder perguntas 1–3.
ARA-040,Metalbens Estruturas Metálicas,Não identificado,Araçatuba,SP,0,M,M2,Metalon; Perfis; Tubo,Chapa; Telha,FATO: listada como fabricação de estruturas metálicas em Araçatuba.,Médio,Não,Não,Médio,Provável — validar,Estruturas metálicas,Estruturas metálicas,Não identificado,Não identificado,Não identificado,Não identificado,Não identificado,Não identificado,Não identificado,Não identificado,Araçatuba/SP,mestregeo listagens,08/09/2026,,Sem retorno,,,Qualificado,Localizar e ligar,Aço estrutural,Transformador de aço em estruturas,Oferta perfis + metalon.,
ARA-041,Sim Metálica,Não identificado,Araçatuba,SP,0,M,M2,Metalon; Perfis,Chapa,FATO: listada entre fabricantes de estruturas metálicas em Araçatuba.,Baixo,Não,Não,Baixo,Desconhecido,Estruturas metálicas,Estruturas metálicas,Não identificado,Não identificado,Não identificado,Não identificado,Não identificado,Não identificado,Não identificado,Não identificado,Araçatuba/SP,mestregeo listagens,08/09/2026,,Sem retorno,,,Qualificado,Busca Maps,Validar,Nome no segmento de estruturas,Qualificar porte.,Lead não qualificado plenamente.
ARA-042,TZB Estruturas,Não identificado,Araçatuba,SP,0,M,M2,Metalon; Perfis U,Tubo; Chapa,FATO: listada entre fabricantes de estruturas metálicas em Araçatuba.,Médio,Não,Não,Médio,Desconhecido,Estruturas metálicas,Estruturas,Não identificado,Não identificado,Não identificado,Não identificado,Não identificado,Não identificado,Não identificado,Não identificado,Araçatuba/SP,mestregeo listagens,08/09/2026,,Sem retorno,,,Qualificado,Localizar contato,Aço estrutural,Fabricante de estruturas,Qualificar e ofertar perfis.,
ARA-043,Serralheria Criativa — Portas de Enrolar,Não identificado,Araçatuba,SP,0,M,M6,Perfis / Barras / Kits portas de enrolar — VALIDAR NO CATÁLOGO,"Tubo 5""; Metalon; Chapa",FATO: listada em guias locais como fabricação e manutenção de portas de enrolar automáticas e mecânicas.,Médio,Sim,Não,Médio,Provável — validar,Fabricação de portas de enrolar,Portas de enrolar e portões,Não identificado,Não identificado,Não identificado,Não identificado,Não identificado,Não identificado,Não identificado,Não identificado,Araçatuba/SP,guiafix.com.br serralheiros Araçatuba,08/09/2026,,Sem retorno,,,Qualificado,Localizar telefone; ofertar linha portas de enrolar,Matéria-prima para portas de enrolar,Aderência direta à linha Portas de Enrolar,Mesma da 5 Estrelas: kit porta de enrolar.,Comparar volume com Serralheria 5 Estrelas.
ARA-044,Obra — DECK 330 (TARRAF),N/A — obra,Araçatuba,SP,0,C,C4,CA-50; Treliças; Telas,Arame recozido,FATO: empreendimento residencial TARRAF em Araçatuba com incorporação registrada; consome armadura conforme estágio estrutural.,Alto,Não,Sim,Alto,Sim (durante obra),Canteiro residencial vertical,Apartamentos DECK 330,DECK 330 — TARRAF,Não identificado — investigar canteiro,Não identificado,Não identificado,Via TARRAF (17) 4004-6655,Não identificado,contato@tarraf.com.br,https://tarraf.com.br/empreendimentos/deck-330,Araçatuba/SP (consultar memorial/stand TARRAF),tarraf.com.br,08/09/2026,,Sem retorno,,,Qualificado,Visitar canteiro/stand; identificar estágio e fornecedor de aço,Armadura da obra,Obra vertical ativa/recente da maior incorporadora na cidade,Investigação de canteiro → CD oculta.,Validar se estrutura já foi concluída antes de priorizar.
ARA-045,Empreiteiras / CDs ocultas das obras Pacaembu e TARRAF,Não identificado,Araçatuba,SP,0,CD,CD5,CA-50; CA-60; Treliças; Telas,Arame recozido; Fio-máquina,INFERÊNCIA: grandes obras habitacionais e verticais tipicamente contratam CD regional. Medida Exata e Serv Aço são candidatos; pode haver outras. Lead-placeholder para inteligência de canteiro.,Alto,Sim,Sim,Alto,Sim,Corte e dobra atendendo grandes construtoras,Armaduras para obras Pacaembu/TARRAF/Ferreira,Campo Belo; Vida Nova 3; DECK 330; Brasília Square; Hub Ferreira,Não identificado,Não identificado,Não identificado,Não identificado,Não identificado,Não identificado,N/A,A descobrir via canteiros,Metodologia do projeto — investigação de obras,08/09/2026,,Sem retorno,,,Qualificado,Em cada canteiro: anotar placa/fornecedor de aço; cruzar com Medida Exata/Serv Aço/Vivafer,Quem fornece o aço das grandes obras,Cliente oculto de maior valor potencial no funil construção,"Inteligência de campo, não cold call genérico.",Registro metodológico. Substituir por empresa real assim que identificada.
ARA-046,APC do Brasil (unidade Araçatuba),04.310.390/0004-08,Araçatuba,SP,0,I,I15,Inox / chapas — Provável baixo — validar se processo exige,Não presumir inox sem validação,FATO: indústria de preparação de subprodutos do abate (capital alto). Contato com ambiente agroindustrial — inox só se houver linha sanitária. NÃO presumir compra de inox.,Baixo,Não,Não,Baixo,Desconhecido,Subprodutos do abate,Subprodutos animais,N/A,Não identificado,Não identificado,Não identificado,Não identificado,Não identificado,Não identificado,Não identificado,Araçatuba/SP,mapaindustrial.com.br alimentos Araçatuba,08/09/2026,,Sem retorno,,,Qualificado,Só avançar se houver evidência de linha com inox/caldeiraria,Sem justificativa clara de inox ainda,Indústria agro — possível mas não comprovado consumo de inox,Não ofertar inox sem validação. Lead não qualificado para I até haver justificativa.,Incluído para não ignorar; classificação cautelosa conforme regras.
ARA-047,Tornofer Indústria e Comércio de Metais,01.985.314/0001-53,São José do Rio Preto,SP,135,M,M1,Chapa aço carbono; Bobina laminada,Aço inox; Aços especiais (1020/1045/4140); Latão — Provável — validar consumo,"FATO: corte a laser (Hans Laser 20–30 kW), dobra CNC, oxicorte; fornece matéria-prima ou só mão de obra; atende raio ~300 km a partir de SJRP.",Alto,Sim,Não,Alto,Sim,Centro de serviço — corte laser/dobra + comercialização de metais,Peças cortadas/dobradas sob encomenda,N/A — produção sob demanda,Não identificado,Não identificado,Provável — compras; validar,(17) 3234-3734 / (17) 3234-6360,Não identificado,Não identificado,https://tornofermetais.com.br/,"Av. Cenobelino de Barro Serra, 819 — Parque Industrial — São José do Rio Preto/SP — CEP 15030-000",tornofermetais.com.br,08/09/2026,,Sem retorno,,,Qualificado,WhatsApp/ligar: mapear espessuras e volume mensal de chapa carbono e inox,Chapas/bobinas para laser e dobra,Grande transformador em SJRP (~135 km); multiproduto; compra recorrente de chapa,NÃO tratar como CD de vergalhão — é chapa/laser. Oferta de chapa carbono + inox.,"⭐ MULTIPRODUTO. Atenção: corte/dobra de CHAPA, não armadura (fora do funil CD)."
ARA-048,Metalúrgica e Serralheria Metal Costa,Não identificado,Presidente Prudente,SP,145,M,M2,Metalon; Perfis; Chapa,Telha trapezoidal/ondulada; Tubo,FATO: estruturas metálicas e serralheria desde 2005; também lista telhas termoacústicas/galvanizadas.,Médio,Sim,Não,Médio,Provável — validar,Fabricação de estruturas e serralheria,"Estruturas metálicas, serralheria, telhas",Não identificado,Não identificado,Não identificado,Não identificado,(18) 3222-5177 / (18) 3222-7031,(18) 98121-0296,Não identificado,Não identificado,"Rua Antônio Onofre Gerbasi, 203 — Jardim das Rosas — Presidente Prudente/SP — CEP 19064-200",listamais.com.br Metal Costa,08/09/2026,,Sem retorno,,,Qualificado,WhatsApp: kit galpão (metalon/perfis/telha) + volume mensal,Perfis/metalon/chapa para estruturas,Metalúrgica ativa em Prudente (~145 km) com linha de estruturas e coberturas,Abrir com metalon + perfis; segundo telha.,Agrupar rota Presidente Prudente.
ARA-049,Emplan Estruturas Metálicas e Planejamento,Não identificado,Presidente Prudente,SP,145,M,M2,Perfis U; Metalon; Tubo industrial,Chapa; Telha,FATO: listada como estruturas metálicas e planejamento no Distrito Industrial de Presidente Prudente.,Médio,Sim,Não,Médio,Provável — validar,Fabricação/montagem de estruturas metálicas,Estruturas metálicas,Não identificado,Não identificado,Não identificado,Não identificado,(18) 3221-4522,Não identificado,Não identificado,Não identificado,"Rua Mariano Arenales Benito, 780 — Distrito Industrial — Presidente Prudente/SP — CEP 19043-130",guiatelefone.com Emplan,08/09/2026,,Sem retorno,,,Qualificado,Ligar: mapear bitolas de perfil/metalon e fornecedor atual,Perfis estruturais,Fabricante no DI de Prudente — rota combinada com Metal Costa/Jacaré,Oferta perfis + metalon; perguntar obras em carteira.,Validar porte na visita/ligação.
ARA-050,Jacaré Estruturas Metálicas,Não identificado,Presidente Prudente,SP,145,M,M2,Metalon; Perfis; Tubo,Chapa; Cantoneiras,FATO: listada como estruturas metálicas/serralheria em Presidente Prudente.,Médio,Sim,Não,Médio,Desconhecido,Estruturas metálicas / serralheria,Estruturas metálicas,Não identificado,Não identificado,Não identificado,Não identificado,(18) 3905-6129,Não identificado,Não identificado,Não identificado,"Rua Marte, 73 — Parque Jabaquara — Presidente Prudente/SP — CEP 19033-540",prudenteempresas.com.br Jacaré,08/09/2026,,Sem retorno,,,Qualificado,Ligar após Metal Costa/Emplan na mesma rota,Metalon/perfis — validar volume,Cluster de estruturas em Prudente,Qualificar volume antes de visita presencial.,Há segundo endereço listado (Jd. Bongiovani) — confirmar unidade ativa.
ARA-051,Metalúrgica São José — Estruturas Metálicas,Não identificado,Presidente Prudente,SP,145,M,M2,Perfis; Metalon; Tubo,Chapa; Telha,FATO: site próprio — estruturas metálicas de pequeno a grande porte; +14 anos; atende cidades da região.,Alto,Sim,Não,Alto,Sim,Fabricação de estruturas metálicas,"Estruturas arqueadas, duas águas, viga I",Não identificado (produção sob demanda),Não identificado,Não identificado,Provável — vendas/compras; validar,(18) 99628-7773,(18) 99628-7773,Não identificado,https://sjestruturasmetalicas.com/,Presidente Prudente/SP,sjestruturasmetalicas.com,08/09/2026,,Sem retorno,,,Qualificado,WhatsApp: oferta kit galpão (perfis + metalon + telha); mapear bitolas,Perfis estruturais e coberturas,Fabricante com site ativo e WhatsApp comercial em Prudente,Abrir com estruturas de galpão; perguntar fornecedor de perfil hoje.,⭐ Alvo âncora da rota Prudente.
ARA-052,AWS Metal Mecânica,Não identificado,Presidente Prudente,SP,145,M,M1,Chapa; Tubo; Perfis,Inox — Provável — validar,"FATO: sede em Presidente Prudente (fundada 2021); caldeiraria leve/média, corte laser, dobra, solda, usinagem e estruturas.",Alto,Sim,Sim,Médio,Sim,Caldeiraria + corte/dobra + estruturas,"Equipamentos, mezaninos, estruturas e peças sob encomenda",N/A — produção sob demanda,Não identificado,Não identificado,Provável — compras; validar,Não identificado,Não identificado,Não identificado,https://www.awsmetalmecanica.com.br/,Presidente Prudente/SP,awsmetalmecanica.com.br,08/09/2026,,Sem retorno,,,Qualificado,Localizar telefone/WhatsApp no site/Maps; mapear chapas e tubos,Chapa e tubos para caldeiraria/laser,Transformador multiprocesso em Prudente (laser + caldeiraria),Oferta chapa carbono; perguntar se trabalha inox.,Empresa jovem (2021) — validar porte e volume.
ARA-053,Fratini — Corte e Dobra de Chapas,37.629.817/0001-33,Adamantina,SP,140,M,M14,Chapa; Bobina,Tubo; Perfis — Provável — validar,FATO: CNPJ ativo; corte e dobra de chapas no DI de Adamantina; CNAE também ligado a peças/acessórios veiculares — fluxo típico chapa → corte/dobra.,Médio,Não,Não,Médio,Provável — validar,Corte e dobra de chapas (não armadura),Peças em chapa sob medida,N/A,Não identificado,Não identificado (sócios públicos em bases),Não identificado,(18) 99614-3932,(18) 99614-3932,Não identificado,Não identificado,"Av. Francisco Bellusci, 977 — Barracão 01 — DI Sr. Otávio Gavazzi — Adamantina/SP — CEP 17805-500",mestregeo.com.br CNPJ 37.629.817/0001-33; guiamania,08/09/2026,,Sem retorno,,,Qualificado,WhatsApp: espessuras de chapa e volume mensal,Chapa para corte/dobra,CD de CHAPA em Adamantina (~140 km) — não confundir com CD de vergalhão,Classificar como M (chapa). Oferta bobina/chapa.,EPP. Fora do funil CD (armadura).
ARA-054,Maridobras Corte e Dobra,Não identificado,Marília,SP,160,M,M1,Chapa aço — Provável — validar,Não identificado,FATO: listada em Marília como aço — corte e dobras.,Médio,Não,Não,Médio,Desconhecido,Corte e dobra de aço/chapa,Serviço de corte e dobra,N/A,Não identificado,Não identificado,Não identificado,(14) 3453-2654,Não identificado,Não identificado,Não identificado,"Av. Yusaburo Sasazaki, 1220 — Marília/SP — CEP 17512-031",listagens locais Marília (Need Tips),08/09/2026,,Sem retorno,,,Qualificado,Ligar: confirmar se é chapa ou vergalhão; volume e bitolas,Validar se compra chapa ou armadura,Serviço de corte/dobra em Marília (~160 km) — qualificar tipo,Primeira pergunta: trabalha vergalhão (CD) ou chapa (M)?,"Se for vergalhão, reclassificar para CD após validação."
ARA-055,Blat Estruturas Metálicas,Não identificado,Assis,SP,165,M,M2,Perfis; Chapa; Metalon,Tubo industrial; Telha,FATO: fundada em 1975; estruturas metálicas de alto desempenho; +500 projetos; ISO 9001; atende indústria e construção em todo o Brasil.,Alto,Sim,Sim,Alto,Sim,Fabricação de estruturas metálicas industriais,Estruturas metálicas industriais e para construção,Não identificado (carteira nacional),Não identificado,Não identificado,Provável — compras/projetos; validar,(18) 3324-7949,Não identificado,vendas@blat.com.br,https://blat.com.br/,"Rua do Estanho, 360 — Assis/SP — CEP 19812-020",blat.com.br,08/09/2026,,Sem retorno,,,Qualificado,E-mail vendas@blat.com.br + telefone: mapear espessuras/perfis e fornecedor atual,Aço estrutural contínuo para projetos,Grande fabricante em Assis (~165 km) com histórico longo e ISO,Abordagem industrial (não varejo). Perguntar mix chapa vs perfil.,⭐ MULTIPRODUTO + MULTIOPORTUNIDADE. Âncora da rota Assis.
ARA-056,Estruturas Metálicas e Serralheria Modelo,Não identificado,Ilha Solteira,SP,125,M,M5,Metalon; Tubo; Chapa,Perfis; Barras,"FATO: listada em Ilha Solteira como fabricação de esquadrias, portões, grades e estruturas metálicas.",Baixo,Sim,Não,Baixo,Desconhecido,Serralheria / estruturas leves,"Esquadrias, portões, grades, estruturas",Não identificado,Não identificado,Não identificado,Não identificado,Não identificado,Não identificado,Não identificado,Não identificado,"Rua Araras, 531 — Zona Sul — Ilha Solteira/SP — CEP 15385-000",entrei.net Estruturas Metálicas Modelo Ilha Solteira,08/09/2026,,Sem retorno,,,Qualificado,Buscar telefone no Maps; qualificar volume antes de deslocar,Metalon/tubo em baixo/médio volume — validar,Serralheria em Ilha Solteira (~125 km) — preencher vazio geográfico,Só priorizar se rota Andradina/Ilha Solteira já estiver montada.,Telefone não público nas listagens — localizar Maps.
